{
  "project_info": {
    "project_number": "567603739421",
    "firebase_url": "https://renaissance4-938da.firebaseio.com",
    "project_id": "renaissance4-938da",
    "storage_bucket": "renaissance4-938da.appspot.com"
  },
  "client": [
    {
      "client_info": {
        "mobilesdk_app_id": "1:567603739421:android:e9c057f298c65e33bdfff4",
        "android_client_info": {
          "package_name": "com.example.renaissance"
        }
      },
      "oauth_client": [
        {
          "client_id": "567603739421-m86icrvno26e4g431uvd29v2umhffn1t.apps.googleusercontent.com",
          "client_type": 3
        }
      ],
      "api_key": [
        {
          "current_key": "AIzaSyB-SZiF--SeIRxfHEuE9o5kQylAF_iGSq8"
        }
      ],
      "services": {
        "appinvite_service": {
          "other_platform_oauth_client": [
            {
              "client_id": "567603739421-m86icrvno26e4g431uvd29v2umhffn1t.apps.googleusercontent.com",
              "client_type": 3
            }
          ]
        }
      }
    }
  ],
  "configuration_version": "1"
}